"ENC","GENERO","AMBITO","REGION","EDAD","NIVEL","DISTRITO","PA","PB","P20","PESO2","REGION2"
2985726,1,1,1,3,1,150130,1,1,1,0.7221943,1
2985789,1,1,1,2,1,150140,1,1,96,0.7221943,1
2985820,1,1,1,3,1,150130,1,1,NA,0.7221943,1
2985822,1,1,5,3,3,120114,11,0,0,0.8281767,3
2985826,2,1,1,2,1,150122,1,1,NA,0.7221943,1
2985833,1,2,3,3,5,200301,17,0,0,3.8947592,2
2985848,2,1,5,3,3,120501,11,0,0,0.8281767,3
2985849,1,1,5,1,5,120114,11,0,0,1.1680267,3
2985850,2,1,1,1,1,150130,1,1,1,0.7221943,1
2985851,1,2,3,2,2,200301,17,0,0,0.0039488,2
2985857,1,1,1,2,3,150137,1,1,96,0.8440426,1
2985858,1,1,5,2,4,120114,11,0,0,2.0833869,3
2985859,2,1,1,2,1,150140,1,1,6,0.7221943,1
2985860,1,2,2,3,2,140308,13,0,0,0.0710792,2
2985865,2,1,6,3,4,40104,5,0,0,1.2812595,4
2985866,2,1,1,1,3,150132,1,1,6,0.8440426,1
2985868,2,1,1,3,3,150106,1,1,6,0.8440426,1
2985874,2,1,3,1,5,20105,3,0,0,0.7143549,2
2985890,1,1,2,3,5,140101,13,0,0,0.9214397,2
2985896,2,1,5,3,4,120114,11,0,0,2.0833869,3
2985902,2,2,2,3,5,140308,13,0,0,1.5653013,2
2985903,1,2,3,3,4,200301,17,0,0,0.7220151,2
2985905,2,1,5,3,3,120114,11,0,0,0.8281767,3
2985906,2,1,6,3,4,40104,5,0,0,1.2812595,4
2985921,1,1,8,2,4,160101,14,0,0,1.6053925,5
2985922,1,1,2,1,3,131201,12,0,0,1.1573529,2
2985923,2,2,2,2,5,140308,13,0,0,1.5653013,2
2985930,2,1,1,1,4,150106,1,1,NA,0.8885775,1
2985931,2,1,8,2,3,220901,19,0,0,1.1854848,5
2985932,1,2,6,1,4,230106,20,0,0,0.2955399,4
2985933,1,1,8,3,5,10701,2,0,0,0.8763586,5
2985934,2,2,2,2,5,140308,13,0,0,1.5653013,2
2985935,1,1,2,1,2,200601,17,0,0,0.6877974,2
2985936,2,1,2,2,3,131201,12,0,0,1.1573529,2
2985937,1,1,1,3,2,150112,1,1,6,0.7221943,1
2985938,1,1,1,1,2,150101,1,1,NA,0.7221943,1
2985939,1,1,1,2,4,70106,1,2,0,0.8885775,1
2985942,1,1,6,3,2,40126,5,0,0,0.3978981,4
2985949,2,1,1,2,1,150130,1,1,6,0.7221943,1
2985951,2,1,2,2,5,140105,13,0,0,0.9214397,2
2985954,2,1,2,3,4,200104,17,0,0,1.5935148,2
2985955,2,1,2,3,5,140101,13,0,0,0.9214397,2
2985957,1,1,1,3,4,150106,1,1,NA,0.8885775,1
2985958,1,2,6,2,2,230106,20,0,0,0.1047483,4
2985959,2,1,1,1,3,150135,1,1,3,0.8440426,1
2985960,2,1,6,2,2,40126,5,0,0,0.3978981,4
2985961,2,1,1,1,3,150142,1,1,NA,0.8440426,1
2985962,2,1,1,3,3,150142,1,1,NA,0.8440426,1
2985965,1,1,8,3,3,220901,19,0,0,1.1854848,5
2985990,1,1,8,1,4,10701,2,0,0,1.6053925,5
2985994,1,2,2,2,5,140308,13,0,0,1.5653013,2
2985995,1,1,1,3,3,150137,1,1,6,0.8440426,1
2985998,2,1,1,1,3,150101,1,1,96,0.8440426,1
2986000,1,1,1,1,4,150103,1,1,NA,0.8885775,1
2986002,2,1,2,3,5,200601,17,0,0,0.9214397,2
2986003,2,1,8,2,5,250101,22,0,0,0.8763586,5
2986004,1,1,1,2,3,150132,1,1,6,0.8440426,1
2986005,2,1,2,2,3,200104,17,0,0,1.1573529,2
2986007,2,1,2,2,4,140105,13,0,0,1.5935148,2
2986011,2,1,2,2,3,131201,12,0,0,1.1573529,2
2986028,1,1,1,3,1,150122,1,1,NA,0.7221943,1
2986030,1,2,2,3,2,140308,13,0,0,0.0710792,2
2986031,1,1,1,2,3,150101,1,1,1,0.8440426,1
2986034,1,1,2,1,2,140101,13,0,0,0.6877974,2
2986035,1,2,8,3,3,60901,7,0,0,0.1972047,5
2986036,2,1,8,2,5,60801,7,0,0,0.8763586,5
2986037,1,1,1,3,3,150112,1,1,1,0.8440426,1
2986044,2,1,2,2,5,200601,17,0,0,0.9214397,2
2986050,1,1,1,3,3,70102,1,2,0,0.8440426,1
2986051,1,1,2,1,4,131201,12,0,0,1.5935148,2
2986052,1,1,1,1,3,150103,1,1,96,0.8440426,1
2986053,1,1,1,3,2,150137,1,1,6,0.7221943,1
2986054,1,1,6,2,4,40104,5,0,0,1.2812595,4
2986055,2,2,3,3,3,60401,7,0,0,0.02998,2
2986056,1,1,8,1,5,10701,2,0,0,0.8763586,5
2986057,1,1,6,2,3,40126,5,0,0,1.8985215,4
2986058,1,1,1,3,5,70106,1,2,0,0.5705734,1
2986060,2,2,8,1,3,60901,7,0,0,0.1972047,5
2986061,2,2,6,2,3,230106,20,0,0,0.5274826,4
2986062,1,1,1,2,2,150101,1,1,96,0.7221943,1
2986063,2,1,8,2,5,250101,22,0,0,0.8763586,5
2986064,1,1,5,1,5,90101,24,0,0,1.1680267,3
2986067,2,1,8,3,4,160101,14,0,0,1.6053925,5
2986068,1,1,2,1,4,140101,13,0,0,1.5935148,2
2986069,2,1,1,3,1,150114,1,1,6,0.7221943,1
2986070,2,1,2,2,5,200701,17,0,0,0.9214397,2
2986071,2,1,2,2,3,200104,17,0,0,1.1573529,2
2986072,1,1,2,1,3,130105,12,0,0,1.1573529,2
2986073,1,1,2,2,2,131201,12,0,0,0.6877974,2
2986074,1,1,2,3,2,130105,12,0,0,0.6877974,2
2986075,2,1,2,3,3,130105,12,0,0,1.1573529,2
2986078,2,1,1,2,3,150103,1,1,1,0.8440426,1
2986080,2,1,2,3,5,200601,17,0,0,0.9214397,2
2986083,1,1,4,2,4,150806,300,0,0,1.0801545,3
2986085,1,2,2,1,3,140308,13,0,0,0.1159713,2
2986086,1,2,3,2,3,200301,17,0,0,0.02998,2
2986087,2,2,3,2,2,200301,17,0,0,0.0039488,2
2986088,1,2,8,2,4,60901,7,0,0,0.9644683,5
2986089,2,1,1,2,2,150101,1,1,1,0.7221943,1
2986091,2,1,1,3,2,150135,1,1,96,0.7221943,1
2986093,2,1,6,3,2,40126,5,0,0,0.3978981,4
2986096,2,2,6,3,5,230106,20,0,0,0.8317514,4
2986098,2,1,1,3,1,150140,1,1,6,0.7221943,1
2986099,1,1,2,2,3,140301,13,0,0,1.1573529,2
2986100,1,1,2,2,4,131201,12,0,0,1.5935148,2
2986101,1,1,8,2,5,60801,7,0,0,0.8763586,5
2986105,1,1,8,3,5,250101,22,0,0,0.8763586,5
2986106,1,1,5,2,2,90101,24,0,0,0.381243,3
2986108,1,1,1,2,3,70102,1,2,0,0.8440426,1
2986109,2,2,3,1,3,20108,3,0,0,0.02998,2
2986110,1,1,1,3,4,70106,1,2,0,0.8885775,1
2986111,1,1,1,1,3,150106,1,1,NA,0.8440426,1
2986112,2,1,1,3,4,150106,1,1,NA,0.8885775,1
2986113,1,1,4,3,5,150201,300,0,0,0.6862677,3
2986114,2,1,2,2,4,200601,17,0,0,1.5935148,2
2986115,1,1,6,1,4,40104,5,0,0,1.2812595,4
2986116,1,1,4,1,5,150806,300,0,0,0.6862677,3
2986117,2,2,8,1,5,60901,7,0,0,1.9183593,5
2986118,1,1,2,3,3,200104,17,0,0,1.1573529,2
2986119,2,1,6,2,2,40126,5,0,0,0.3978981,4
2986120,1,1,2,2,5,140105,13,0,0,0.9214397,2
2986121,2,1,2,1,5,140105,13,0,0,0.9214397,2
2986123,2,1,1,1,4,150132,1,1,3,0.8885775,1
2986124,1,2,2,3,3,140308,13,0,0,0.1159713,2
2986125,2,1,2,3,4,130105,12,0,0,1.5935148,2
2986126,2,1,1,1,2,150112,1,1,NA,0.7221943,1
2986127,1,1,2,3,5,140101,13,0,0,0.9214397,2
2986132,2,1,1,3,1,150114,1,1,3,0.7221943,1
2986133,2,1,1,1,2,150103,1,1,6,0.7221943,1
2986134,1,1,1,2,4,150137,1,1,1,0.8885775,1
2986136,2,1,1,2,3,150112,1,1,NA,0.8440426,1
2986137,2,1,2,3,5,131201,12,0,0,0.9214397,2
2986138,1,2,3,2,4,20108,3,0,0,0.7220151,2
2986139,1,2,8,3,3,60901,7,0,0,0.1972047,5
2986140,1,1,8,2,3,160101,14,0,0,1.1854848,5
2986141,2,1,4,2,5,150806,300,0,0,0.6862677,3
2986142,1,1,2,3,4,130102,12,0,0,1.5935148,2
2986143,1,1,2,1,5,130102,12,0,0,0.9214397,2
2986144,2,1,2,3,5,130102,12,0,0,0.9214397,2
2986145,2,1,2,1,4,130102,12,0,0,1.5935148,2
2986146,2,1,2,2,4,130102,12,0,0,1.5935148,2
2986147,1,1,2,2,4,130102,12,0,0,1.5935148,2
2986148,2,1,2,2,2,130102,12,0,0,0.6877974,2
2986149,1,2,3,2,3,200301,17,0,0,0.02998,2
2986150,1,1,2,1,3,200601,17,0,0,1.1573529,2
2986151,2,1,8,1,5,250101,22,0,0,0.8763586,5
2986152,1,1,7,2,3,210101,18,0,0,1.4320736,4
2986153,2,1,1,2,2,150121,1,1,3,0.7221943,1
2986154,1,1,1,3,2,150121,1,1,NA,0.7221943,1
2986155,1,1,2,2,4,140301,13,0,0,1.5935148,2
2986156,2,1,1,2,3,150125,1,1,1,0.8440426,1
2986157,1,1,4,3,5,150201,300,0,0,0.6862677,3
2986173,2,1,5,1,3,120114,11,0,0,0.8281767,3
2986178,1,1,2,3,3,200104,17,0,0,1.1573529,2
2986179,1,1,1,3,4,150103,1,1,NA,0.8885775,1
2986180,1,1,1,3,3,150103,1,1,6,0.8440426,1
2986181,1,1,1,3,3,150132,1,1,1,0.8440426,1
2986183,1,1,2,3,3,131201,12,0,0,1.1573529,2
2986184,2,1,2,2,4,140119,13,0,0,1.5935148,2
2986185,2,1,1,2,3,150106,1,1,NA,0.8440426,1
2986186,2,2,8,3,5,60901,7,0,0,1.9183593,5
2986189,2,1,1,3,4,150112,1,1,NA,0.8885775,1
2986190,2,2,2,1,4,140308,13,0,0,0.6491901,2
2986191,1,1,2,1,2,130101,12,0,0,0.6877974,2
2986192,1,1,2,3,2,130101,12,0,0,0.6877974,2
2986193,1,1,2,1,5,130101,12,0,0,0.9214397,2
2986194,2,1,2,3,3,130101,12,0,0,1.1573529,2
2986195,1,1,6,1,2,40126,5,0,0,0.3978981,4
2986196,2,1,2,2,2,130101,12,0,0,0.6877974,2
2986197,2,1,1,3,3,150142,1,1,96,0.8440426,1
2986198,1,1,2,2,4,130101,12,0,0,1.5935148,2
2986199,1,1,1,3,4,150101,1,1,96,0.8885775,1
2986200,1,1,2,3,2,130101,12,0,0,0.6877974,2
2986201,1,1,4,2,3,150507,300,0,0,1.9285326,3
2986202,1,1,4,1,2,150507,300,0,0,1.133942,3
2986203,1,1,2,3,2,140101,13,0,0,0.6877974,2
2986204,2,1,4,3,4,150507,300,0,0,1.0801545,3
2986205,2,2,6,3,4,230106,20,0,0,0.2955399,4
2986206,1,1,2,3,5,130402,12,0,0,0.9214397,2
2986207,2,1,2,2,3,140105,13,0,0,1.1573529,2
2986208,1,1,8,3,4,10701,2,0,0,1.6053925,5
2986209,1,1,5,2,3,90101,24,0,0,0.8281767,3
2986210,2,1,1,3,5,70106,1,2,0,0.5705734,1
2986212,2,2,3,3,3,60401,7,0,0,0.02998,2
2986213,2,2,3,2,3,60401,7,0,0,0.02998,2
2986214,1,1,6,3,3,40109,5,0,0,1.8985215,4
2986215,1,1,6,3,2,40109,5,0,0,0.3978981,4
2986216,2,1,6,2,3,40109,5,0,0,1.8985215,4
2986217,1,1,1,3,3,150115,1,1,1,0.8440426,1
2986218,2,1,1,3,3,150115,1,1,6,0.8440426,1
2986219,2,1,1,1,3,150115,1,1,6,0.8440426,1
2986220,1,1,1,3,4,150115,1,1,6,0.8885775,1
2986221,1,1,1,2,3,150115,1,1,2,0.8440426,1
2986222,1,1,8,1,5,250101,22,0,0,0.8763586,5
2986224,1,1,1,2,4,150112,1,1,1,0.8885775,1
2986225,2,1,2,1,3,200701,17,0,0,1.1573529,2
2986226,2,1,8,2,4,160101,14,0,0,1.6053925,5
2986228,1,1,1,2,1,150122,1,1,4,0.7221943,1
2986230,2,1,2,3,3,131201,12,0,0,1.1573529,2
2986231,1,2,3,3,3,20108,3,0,0,0.02998,2
2986232,1,1,2,1,5,200104,17,0,0,0.9214397,2
2986233,2,1,1,3,4,150103,1,1,5,0.8885775,1
2986240,1,1,7,3,3,210101,18,0,0,1.4320736,4
2986242,1,1,2,3,3,130105,12,0,0,1.1573529,2
2986243,2,1,2,1,3,130105,12,0,0,1.1573529,2
2986249,1,1,1,3,2,70102,1,2,0,0.7221943,1
2986251,2,1,2,2,3,200601,17,0,0,1.1573529,2
2986258,1,1,1,3,4,150101,1,1,96,0.8885775,1
2986259,2,1,1,2,4,150137,1,1,1,0.8885775,1
2986260,1,1,2,3,4,140119,13,0,0,1.5935148,2
2986261,2,2,5,3,5,120904,11,0,0,1.9398974,3
2986262,1,2,5,3,5,120904,11,0,0,1.9398974,3
2986263,1,2,5,3,2,120904,11,0,0,0.0436451,3
2986264,2,2,5,1,4,120904,11,0,0,0.9318235,3
2986266,2,1,8,3,4,60801,7,0,0,1.6053925,5
2986267,1,1,2,1,4,140105,13,0,0,1.5935148,2
2986268,2,1,1,1,3,150125,1,1,3,0.8440426,1
2986269,2,1,8,2,3,250101,22,0,0,1.1854848,5
2986270,1,1,1,1,2,150121,1,1,6,0.7221943,1
2986271,2,1,1,3,5,150132,1,1,NA,0.5705734,1
2986272,1,1,1,2,3,150143,1,1,1,0.8440426,1
2986273,1,1,1,3,4,150143,1,1,1,0.8885775,1
2986274,2,1,1,2,2,150143,1,1,2,0.7221943,1
2986275,1,1,1,3,2,150143,1,1,6,0.7221943,1
2986276,1,1,1,2,3,150143,1,1,6,0.8440426,1
2986277,2,1,1,1,2,150143,1,1,6,0.7221943,1
2986278,2,1,1,2,4,150143,1,1,1,0.8885775,1
2986279,2,1,1,3,3,150142,1,1,1,0.8440426,1
2986280,2,1,2,2,5,130101,12,0,0,0.9214397,2
2986281,2,1,6,3,4,40112,5,0,0,1.2812595,4
2986282,1,1,1,2,3,150135,1,1,6,0.8440426,1
2986285,1,1,1,2,3,150103,1,1,NA,0.8440426,1
2986286,2,1,1,3,3,150112,1,1,NA,0.8440426,1
2986287,2,2,2,2,4,140308,13,0,0,0.6491901,2
2986288,2,1,6,3,2,40126,5,0,0,0.3978981,4
2986289,1,1,1,2,3,150112,1,1,3,0.8440426,1
2986291,1,1,6,3,5,40104,5,0,0,1.5366203,4
2986292,2,2,8,2,5,10202,2,0,0,1.9183593,5
2986293,2,2,2,1,3,200111,17,0,0,0.1159713,2
2986295,1,2,8,2,3,80902,8,0,0,0.1972047,5
2986296,2,2,8,1,5,80902,8,0,0,1.9183593,5
2986297,2,2,8,3,5,80902,8,0,0,1.9183593,5
2986298,2,2,8,2,5,80902,8,0,0,1.9183593,5
2986299,2,2,8,3,3,80902,8,0,0,0.1972047,5
2986300,1,1,2,3,4,200104,17,0,0,1.5935148,2
2986301,2,1,1,3,3,150101,1,1,NA,0.8440426,1
2986302,1,1,2,2,3,130105,12,0,0,1.1573529,2
2986305,1,1,4,3,4,150806,300,0,0,1.0801545,3
2986306,2,1,1,3,4,150133,1,1,NA,0.8885775,1
2986307,2,1,2,2,3,200701,17,0,0,1.1573529,2
2986308,2,1,1,2,4,150106,1,1,1,0.8885775,1
2986310,2,1,2,3,5,131201,12,0,0,0.9214397,2
2986311,2,1,5,2,3,90101,24,0,0,0.8281767,3
2986312,1,1,1,3,3,150105,1,1,6,0.8440426,1
2986313,1,1,1,3,2,150117,1,1,6,0.7221943,1
2986314,1,2,3,1,4,20108,3,0,0,0.7220151,2
2986315,2,1,5,2,5,190101,16,0,0,1.1680267,3
2986317,1,1,8,2,5,250101,22,0,0,0.8763586,5
2986318,2,1,2,2,4,140101,13,0,0,1.5935148,2
2986319,2,1,1,3,2,150121,1,1,6,0.7221943,1
2986320,2,1,1,1,3,150103,1,1,NA,0.8440426,1
2986321,2,1,1,3,5,150103,1,1,4,0.5705734,1
2986322,2,1,6,3,2,40112,5,0,0,0.3978981,4
2986323,1,1,1,1,3,150112,1,1,6,0.8440426,1
2986325,2,2,8,3,5,60901,7,0,0,1.9183593,5
2986326,1,1,2,2,3,200601,17,0,0,1.1573529,2
2986327,1,1,1,3,3,150132,1,1,3,0.8440426,1
2986328,1,2,8,3,3,10202,2,0,0,0.1972047,5
2986329,2,1,1,2,3,150101,1,1,NA,0.8440426,1
2986330,2,1,1,3,3,150142,1,1,1,0.8440426,1
2986331,1,1,1,3,4,70106,1,2,0,0.8885775,1
2986333,1,1,8,2,5,160101,14,0,0,0.8763586,5
2986334,2,2,3,3,5,200301,17,0,0,3.8947592,2
2986335,2,1,2,2,3,200104,17,0,0,1.1573529,2
2986336,2,1,1,2,3,150103,1,1,1,0.8440426,1
2986338,1,1,4,1,4,150806,300,0,0,1.0801545,3
2986342,2,1,4,1,4,150507,300,0,0,1.0801545,3
2986343,2,1,4,3,3,150507,300,0,0,1.9285326,3
2986345,2,2,5,3,5,120904,11,0,0,1.9398974,3
2986349,2,1,5,1,5,190101,16,0,0,1.1680267,3
2986359,2,1,2,2,2,130101,12,0,0,0.6877974,2
2986360,1,1,8,2,5,250101,22,0,0,0.8763586,5
2986361,1,1,1,2,3,150133,1,1,3,0.8440426,1
2986362,2,1,1,3,3,70101,1,2,0,0.8440426,1
2986363,1,1,1,3,2,70101,1,2,0,0.7221943,1
2986364,2,1,1,2,3,70101,1,2,0,0.8440426,1
2986365,2,1,1,2,3,70101,1,2,0,0.8440426,1
2986366,1,1,1,1,4,70101,1,2,0,0.8885775,1
2986367,2,1,1,1,3,70101,1,2,0,0.8440426,1
2986368,2,1,1,3,4,70101,1,2,0,0.8885775,1
2986369,1,1,1,3,5,70101,1,2,0,0.5705734,1
2986370,1,1,1,2,4,70101,1,2,0,0.8885775,1
2986371,1,1,1,2,3,70101,1,2,0,0.8440426,1
2986372,1,1,1,3,3,70102,1,2,0,0.8440426,1
2986374,1,1,2,3,3,140119,13,0,0,1.1573529,2
2986376,1,1,1,3,3,150112,1,1,6,0.8440426,1
2986377,1,1,8,2,5,60801,7,0,0,0.8763586,5
2986379,2,2,3,2,2,20108,3,0,0,0.0039488,2
2986380,1,2,8,2,5,60901,7,0,0,1.9183593,5
2986382,1,2,2,3,5,200111,17,0,0,1.5653013,2
2986383,1,1,2,3,4,140105,13,0,0,1.5935148,2
2986384,1,2,5,2,3,90103,24,0,0,1.0312721,3
2986385,2,2,5,2,5,90103,24,0,0,1.9398974,3
2986386,2,2,8,2,5,10202,2,0,0,1.9183593,5
2986387,2,2,5,2,2,90103,24,0,0,0.0436451,3
2986388,1,2,5,3,5,90103,24,0,0,1.9398974,3
2986389,2,2,5,3,5,90103,24,0,0,1.9398974,3
2986390,1,2,5,2,5,90103,24,0,0,1.9398974,3
2986391,2,1,1,1,4,150125,1,1,6,0.8885775,1
2986392,2,2,5,3,5,90103,24,0,0,1.9398974,3
2986393,1,2,5,3,5,90103,24,0,0,1.9398974,3
2986395,2,1,2,2,2,140101,13,0,0,0.6877974,2
2986396,1,1,7,2,3,80105,8,0,0,1.4320736,4
2986397,2,1,7,2,3,80105,8,0,0,1.4320736,4
2986398,1,1,7,2,3,80105,8,0,0,1.4320736,4
2986400,1,1,5,3,3,190101,16,0,0,0.8281767,3
2986401,2,1,8,1,3,160101,14,0,0,1.1854848,5
2986402,1,1,3,3,3,20105,3,0,0,0.6682693,2
2986403,2,1,3,1,4,20105,3,0,0,1.962472,2
2986404,1,1,3,3,5,20105,3,0,0,0.7143549,2
2986405,1,1,2,3,3,140301,13,0,0,1.1573529,2
2986406,2,1,3,3,3,20105,3,0,0,0.6682693,2
2986407,2,1,2,2,3,200104,17,0,0,1.1573529,2
2986408,2,1,3,3,2,20105,3,0,0,1.4353012,2
2986409,1,1,2,3,3,140301,13,0,0,1.1573529,2
2986410,1,1,3,2,3,20105,3,0,0,0.6682693,2
2986411,2,1,3,2,4,20105,3,0,0,1.962472,2
2986412,1,1,3,2,3,20105,3,0,0,0.6682693,2
2986413,1,1,3,2,3,20105,3,0,0,0.6682693,2
2986415,2,1,1,3,5,150132,1,1,NA,0.5705734,1
2986416,2,1,6,2,2,40109,5,0,0,0.3978981,4
2986417,2,1,6,2,2,40109,5,0,0,0.3978981,4
2986418,1,1,6,3,2,40109,5,0,0,0.3978981,4
2986420,1,1,1,3,3,150106,1,1,NA,0.8440426,1
2986421,2,1,1,2,3,150106,1,1,96,0.8440426,1
2986422,2,1,1,2,4,150106,1,1,96,0.8885775,1
2986423,1,1,1,2,3,150106,1,1,5,0.8440426,1
2986424,1,1,1,1,4,150106,1,1,6,0.8885775,1
2986425,2,1,1,2,3,150103,1,1,3,0.8440426,1
2986426,2,1,1,3,3,150101,1,1,NA,0.8440426,1
2986427,2,1,1,3,3,150110,1,1,1,0.8440426,1
2986428,2,1,1,3,4,150110,1,1,6,0.8885775,1
2986429,1,1,1,3,3,150110,1,1,7,0.8440426,1
2986430,2,1,1,2,3,150110,1,1,1,0.8440426,1
2986431,2,1,1,3,3,150110,1,1,7,0.8440426,1
2986432,1,1,1,3,4,150106,1,1,NA,0.8885775,1
2986433,2,1,1,2,3,150110,1,1,NA,0.8440426,1
2986434,1,1,1,3,3,150110,1,1,NA,0.8440426,1
2986435,1,1,1,1,2,150110,1,1,NA,0.7221943,1
2986436,1,1,1,2,3,150110,1,1,NA,0.8440426,1
2986437,1,1,1,1,3,150110,1,1,3,0.8440426,1
2986438,2,1,1,2,2,150103,1,1,5,0.7221943,1
2986440,2,1,1,2,3,150133,1,1,6,0.8440426,1
2986441,1,1,1,1,3,150142,1,1,1,0.8440426,1
2986442,2,1,4,2,5,150201,300,0,0,0.6862677,3
2986443,1,1,4,1,4,150201,300,0,0,1.0801545,3
2986445,2,2,7,1,5,80604,8,0,0,2.078454,4
2986446,1,1,2,2,4,140119,13,0,0,1.5935148,2
2986447,1,1,6,3,2,40126,5,0,0,0.3978981,4
2986449,1,2,2,2,2,200111,17,0,0,0.0710792,2
2986450,2,1,2,2,3,140101,13,0,0,1.1573529,2
2986452,2,1,1,3,4,150132,1,1,1,0.8885775,1
2986453,1,1,1,3,3,150137,1,1,4,0.8440426,1
2986454,1,2,8,3,4,10202,2,0,0,0.9644683,5
2986455,2,1,8,2,4,60801,7,0,0,1.6053925,5
2986457,2,1,2,2,4,130101,12,0,0,1.5935148,2
2986458,1,1,2,3,5,130402,12,0,0,0.9214397,2
2986459,1,1,2,3,4,130402,12,0,0,1.5935148,2
2986460,2,1,2,3,5,130402,12,0,0,0.9214397,2
2986461,1,1,2,2,5,130402,12,0,0,0.9214397,2
2986462,1,1,2,3,2,200601,17,0,0,0.6877974,2
2986463,2,2,3,2,5,20108,3,0,0,3.8947592,2
2986464,2,1,1,1,3,150112,1,1,6,0.8440426,1
2986465,1,1,8,3,5,250101,22,0,0,0.8763586,5
2986466,2,2,5,1,5,90103,24,0,0,1.9398974,3
2986467,2,1,6,1,4,40112,5,0,0,1.2812595,4
2986469,1,1,4,3,2,110101,10,0,0,1.133942,3
2986470,1,1,6,2,4,40104,5,0,0,1.2812595,4
2986471,1,1,1,3,3,150105,1,1,1,0.8440426,1
2986473,2,1,4,3,2,150806,300,0,0,1.133942,3
2986474,2,1,2,2,3,130105,12,0,0,1.1573529,2
2986475,1,1,2,2,3,130105,12,0,0,1.1573529,2
2986476,2,1,1,2,4,150132,1,1,6,0.8885775,1
2986477,2,1,1,2,3,150112,1,1,1,0.8440426,1
2986478,2,1,1,3,2,150120,1,1,NA,0.7221943,1
2986479,1,1,1,3,3,150120,1,1,3,0.8440426,1
2986480,1,1,1,3,2,150120,1,1,NA,0.7221943,1
2986481,2,1,1,3,2,150120,1,1,6,0.7221943,1
2986482,1,1,1,1,2,150120,1,1,NA,0.7221943,1
2986483,2,1,1,1,2,150120,1,1,NA,0.7221943,1
2986484,2,1,1,3,4,150103,1,1,6,0.8885775,1
2986485,2,1,1,2,3,150103,1,1,96,0.8440426,1
2986486,2,1,1,2,5,70106,1,2,0,0.5705734,1
2986487,1,1,1,3,4,150117,1,1,6,0.8885775,1
2986488,2,1,7,2,4,80105,8,0,0,1.128476,4
2986489,2,1,1,1,3,150103,1,1,4,0.8440426,1
2986490,1,2,8,2,5,10202,2,0,0,1.9183593,5
2986492,1,1,2,1,3,200104,17,0,0,1.1573529,2
2986493,1,1,2,3,2,140105,13,0,0,0.6877974,2
2986494,2,1,1,1,1,150122,1,1,1,0.7221943,1
2986495,2,1,1,2,2,150137,1,1,6,0.7221943,1
2986496,2,1,1,3,3,150111,1,1,1,0.8440426,1
2986497,1,1,8,1,3,250105,22,0,0,1.1854848,5
2986498,1,2,3,2,5,20108,3,0,0,3.8947592,2
2986500,1,1,2,3,3,200601,17,0,0,1.1573529,2
2986501,2,2,7,1,4,80604,8,0,0,0.371711,4
2986502,1,1,6,1,2,40126,5,0,0,0.3978981,4
2986506,2,1,1,2,2,150121,1,1,5,0.7221943,1
2986507,1,1,1,3,5,150133,1,1,4,0.5705734,1
2986508,1,1,1,3,2,150121,1,1,NA,0.7221943,1
2986510,1,1,4,2,5,150507,300,0,0,0.6862677,3
2986511,1,1,4,3,5,150507,300,0,0,0.6862677,3
2986513,1,1,5,3,5,90101,24,0,0,1.1680267,3
2986515,1,1,1,3,2,150125,1,1,1,0.7221943,1
2986516,2,1,2,2,3,130105,12,0,0,1.1573529,2
2986518,2,1,4,3,4,110101,10,0,0,1.0801545,3
2986519,2,2,3,1,5,200301,17,0,0,3.8947592,2
2986520,2,1,1,2,3,70102,1,2,0,0.8440426,1
2986521,2,1,2,2,5,140101,13,0,0,0.9214397,2
2986522,2,1,4,2,2,150806,300,0,0,1.133942,3
2986524,2,1,8,3,5,250101,22,0,0,0.8763586,5
2986526,2,1,2,3,4,140105,13,0,0,1.5935148,2
2986527,2,2,8,1,5,10202,2,0,0,1.9183593,5
2986529,1,1,1,2,2,150117,1,1,NA,0.7221943,1
2986534,2,1,2,3,4,200701,17,0,0,1.5935148,2
2986535,1,1,2,3,4,140119,13,0,0,1.5935148,2
2986538,1,1,1,2,3,150105,1,1,2,0.8440426,1
2986540,1,1,6,3,4,40112,5,0,0,1.2812595,4
2986541,2,2,2,3,4,200111,17,0,0,0.6491901,2
2986543,2,1,1,2,4,150112,1,1,1,0.8885775,1
2986544,2,1,1,2,5,150112,1,1,NA,0.5705734,1
2986546,1,2,8,2,4,60901,7,0,0,0.9644683,5
2986550,2,1,1,1,4,150137,1,1,4,0.8885775,1
2986551,2,1,7,3,2,80105,8,0,0,1.2809498,4
2986552,2,1,8,3,4,160101,14,0,0,1.6053925,5
2986553,1,1,5,3,2,90101,24,0,0,0.381243,3
2986554,1,1,1,2,5,150106,1,1,7,0.5705734,1
2986555,2,1,3,1,5,21001,3,0,0,0.7143549,2
2986556,2,1,3,2,5,21001,3,0,0,0.7143549,2
2986557,1,1,3,1,5,21001,3,0,0,0.7143549,2
2986558,1,1,3,3,3,21001,3,0,0,0.6682693,2
2986559,2,1,3,2,5,21001,3,0,0,0.7143549,2
2986560,1,1,3,2,3,21001,3,0,0,0.6682693,2
2986561,1,1,3,2,4,21001,3,0,0,1.962472,2
2986562,1,1,3,3,2,21001,3,0,0,1.4353012,2
2986563,2,1,3,3,5,21001,3,0,0,0.7143549,2
2986564,2,1,3,3,3,21001,3,0,0,0.6682693,2
2986565,1,1,1,2,5,150132,1,1,1,0.5705734,1
2986566,1,1,1,2,4,150132,1,1,96,0.8885775,1
2986567,1,2,7,3,5,80604,8,0,0,2.078454,4
2986569,1,2,8,2,5,10202,2,0,0,1.9183593,5
2986574,1,1,6,1,3,230101,20,0,0,1.8985215,4
2986575,1,2,3,3,5,20108,3,0,0,3.8947592,2
2986576,2,1,1,1,2,70102,1,2,0,0.7221943,1
2986577,2,1,1,3,3,150143,1,1,6,0.8440426,1
2986578,2,1,1,3,2,150143,1,1,96,0.7221943,1
2986579,2,1,1,1,3,150132,1,1,3,0.8440426,1
2986582,1,1,1,3,3,150132,1,1,1,0.8440426,1
2986612,1,1,1,2,1,150114,1,1,6,0.7221943,1
2986613,1,1,1,2,3,150142,1,1,NA,0.8440426,1
2986614,2,2,8,2,5,220502,19,0,0,1.9183593,5
2986615,2,2,8,2,5,220502,19,0,0,1.9183593,5
2986617,2,2,8,3,5,220502,19,0,0,1.9183593,5
2986620,1,1,1,2,2,150103,1,1,5,0.7221943,1
2986626,1,1,1,2,3,150103,1,1,6,0.8440426,1
2986627,1,1,1,3,1,150131,1,1,6,0.7221943,1
2986628,2,2,3,1,5,22005,3,0,0,3.8947592,2
2986629,2,2,3,1,3,22005,3,0,0,0.02998,2
2986630,1,2,3,2,3,22005,3,0,0,0.02998,2
2986631,1,2,3,3,5,22005,3,0,0,3.8947592,2
2986632,1,2,3,2,5,22005,3,0,0,3.8947592,2
2986634,1,1,6,3,4,40104,5,0,0,1.2812595,4
2986635,1,1,8,3,4,160101,14,0,0,1.6053925,5
2986636,2,1,6,2,3,40126,5,0,0,1.8985215,4
2986638,1,1,6,2,2,40109,5,0,0,0.3978981,4
2986639,2,1,6,3,5,40109,5,0,0,1.5366203,4
2986640,2,1,6,1,3,40109,5,0,0,1.8985215,4
2986641,1,1,5,2,5,120114,11,0,0,1.1680267,3
2986642,1,2,2,3,3,200111,17,0,0,0.1159713,2
2986643,1,2,8,3,2,80902,8,0,0,0.0380336,5
2986644,2,2,8,2,4,80902,8,0,0,0.9644683,5
2986645,1,2,8,3,5,80902,8,0,0,1.9183593,5
2986646,1,1,2,3,2,140105,13,0,0,0.6877974,2
2986648,2,1,1,2,5,150112,1,1,3,0.5705734,1
2986649,2,1,1,3,3,150104,1,1,NA,0.8440426,1
2986650,2,1,1,2,2,150104,1,1,1,0.7221943,1
2986651,1,1,1,2,3,150104,1,1,NA,0.8440426,1
2986654,2,1,1,3,2,150104,1,1,NA,0.7221943,1
2986655,1,1,1,1,3,150104,1,1,NA,0.8440426,1
2986656,2,1,1,3,2,150133,1,1,1,0.7221943,1
2986661,2,1,5,3,2,100101,9,0,0,0.381243,3
2986662,1,1,5,1,2,100101,9,0,0,0.381243,3
2986663,2,1,5,3,5,100101,9,0,0,1.1680267,3
2986664,1,1,5,1,5,100101,9,0,0,1.1680267,3
2986665,1,1,5,3,4,100101,9,0,0,2.0833869,3
2986666,1,1,4,3,3,110101,10,0,0,1.9285326,3
2986667,1,1,1,2,3,150106,1,1,NA,0.8440426,1
2986668,1,1,4,3,4,150507,300,0,0,1.0801545,3
2986669,2,2,8,3,5,10202,2,0,0,1.9183593,5
2986671,1,2,3,3,5,60401,7,0,0,3.8947592,2
2986672,1,2,3,2,2,60401,7,0,0,0.0039488,2
2986673,1,2,3,2,3,60401,7,0,0,0.02998,2
2986674,1,2,3,3,3,60401,7,0,0,0.02998,2
2986675,2,1,4,3,3,150806,300,0,0,1.9285326,3
2986676,2,1,1,3,3,70102,1,2,0,0.8440426,1
2986678,1,1,4,2,5,150201,300,0,0,0.6862677,3
2986680,2,1,1,3,1,150122,1,1,6,0.7221943,1
2986681,2,1,1,3,3,150105,1,1,3,0.8440426,1
2986682,2,1,1,2,5,150125,1,1,7,0.5705734,1
2986683,2,2,7,2,4,80604,8,0,0,0.371711,4
2986684,1,1,1,2,4,150132,1,1,1,0.8885775,1
2986686,2,1,1,1,4,150103,1,1,1,0.8885775,1
2986687,2,2,3,3,5,200301,17,0,0,3.8947592,2
2986688,1,1,1,3,4,150135,1,1,NA,0.8885775,1
2986689,1,1,1,3,3,150125,1,1,1,0.8440426,1
2986690,1,2,5,1,5,90103,24,0,0,1.9398974,3
2986693,2,1,2,3,3,130102,12,0,0,1.1573529,2
2986694,1,1,2,2,4,130102,12,0,0,1.5935148,2
2986695,1,1,2,3,5,130102,12,0,0,0.9214397,2
2986696,1,2,5,2,5,120904,11,0,0,1.9398974,3
2986697,1,2,5,1,4,120904,11,0,0,0.9318235,3
2986698,1,2,5,2,4,120904,11,0,0,0.9318235,3
2986699,2,1,1,1,2,150117,1,1,6,0.7221943,1
2986700,2,1,2,2,3,140301,13,0,0,1.1573529,2
2986701,1,1,2,3,2,140301,13,0,0,0.6877974,2
2986702,2,1,1,3,2,150115,1,1,NA,0.7221943,1
2986703,2,1,1,2,3,150115,1,1,NA,0.8440426,1
2986704,1,1,1,2,3,150115,1,1,NA,0.8440426,1
2986705,1,1,1,1,2,150115,1,1,1,0.7221943,1
2986706,2,1,1,2,3,150115,1,1,NA,0.8440426,1
2986707,2,1,2,2,3,200701,17,0,0,1.1573529,2
2986708,2,1,1,2,5,70106,1,2,0,0.5705734,1
2986709,2,1,4,3,3,150806,300,0,0,1.9285326,3
2986710,2,2,8,3,5,10202,2,0,0,1.9183593,5
2986711,1,1,8,2,5,250105,22,0,0,0.8763586,5
2986712,2,2,3,3,5,20108,3,0,0,3.8947592,2
2986714,2,1,1,2,2,150111,1,1,96,0.7221943,1
2986715,2,1,1,1,3,150111,1,1,96,0.8440426,1
2986716,1,1,1,3,2,150111,1,1,6,0.7221943,1
2986717,1,1,5,2,5,120114,11,0,0,1.1680267,3
2986718,1,1,1,2,4,150106,1,1,6,0.8885775,1
2986719,1,1,1,1,3,150106,1,1,3,0.8440426,1
2986720,2,1,1,3,4,150106,1,1,96,0.8885775,1
2986721,2,1,1,3,4,150106,1,1,NA,0.8885775,1
2986722,2,1,1,3,5,150106,1,1,96,0.5705734,1
2986723,1,1,1,1,4,150132,1,1,3,0.8885775,1
2986724,2,1,1,1,5,150132,1,1,1,0.5705734,1
2986727,2,2,7,1,3,210805,18,0,0,0.1690937,4
2986728,1,1,6,1,3,40109,5,0,0,1.8985215,4
2986729,2,1,2,2,4,140119,13,0,0,1.5935148,2
2986730,1,1,1,2,2,150133,1,1,1,0.7221943,1
2986731,2,1,1,1,3,150132,1,1,6,0.8440426,1
2986732,1,1,5,3,4,120101,11,0,0,2.0833869,3
2986733,2,1,5,2,3,120501,11,0,0,0.8281767,3
2986734,2,1,1,2,4,150132,1,1,NA,0.8885775,1
2986735,2,1,5,2,3,120501,11,0,0,0.8281767,3
2986736,1,1,5,3,2,120501,11,0,0,0.381243,3
2986737,2,1,5,3,3,120101,11,0,0,0.8281767,3
2986738,2,1,5,2,5,120501,11,0,0,1.1680267,3
2986739,1,1,5,3,3,120101,11,0,0,0.8281767,3
2986740,2,1,5,3,2,120101,11,0,0,0.381243,3
2986741,1,1,5,2,2,120101,11,0,0,0.381243,3
2986742,1,1,5,1,2,120101,11,0,0,0.381243,3
2986743,2,1,5,1,3,120101,11,0,0,0.8281767,3
2986744,1,1,1,2,2,150121,1,1,1,0.7221943,1
2986745,2,1,1,1,2,150121,1,1,1,0.7221943,1
2986746,2,1,5,1,3,90101,24,0,0,0.8281767,3
2986747,1,1,1,2,3,150132,1,1,NA,0.8440426,1
2986748,2,1,1,3,3,150132,1,1,6,0.8440426,1
2986749,1,1,1,1,3,150132,1,1,6,0.8440426,1
2986750,1,1,1,2,3,150132,1,1,96,0.8440426,1
2986751,1,1,1,3,2,150132,1,1,96,0.7221943,1
2986752,2,1,1,3,3,150132,1,1,7,0.8440426,1
2986753,2,1,1,2,3,150132,1,1,NA,0.8440426,1
2986754,2,1,1,1,3,150132,1,1,6,0.8440426,1
2986755,1,1,1,1,3,150117,1,1,96,0.8440426,1
2986756,2,1,1,2,4,150132,1,1,1,0.8885775,1
2986757,1,1,1,3,4,150132,1,1,6,0.8885775,1
2986758,1,2,8,1,5,80902,8,0,0,1.9183593,5
2986759,1,1,1,3,3,150133,1,1,1,0.8440426,1
2986760,2,1,1,2,3,150132,1,1,1,0.8440426,1
2986761,1,1,1,2,4,150132,1,1,6,0.8885775,1
2986762,1,1,1,3,2,150132,1,1,6,0.7221943,1
2986763,1,1,1,3,3,150132,1,1,1,0.8440426,1
2986764,1,1,1,3,5,150132,1,1,1,0.5705734,1
2986765,2,1,1,3,4,150132,1,1,5,0.8885775,1
2986766,1,1,1,2,4,150132,1,1,1,0.8885775,1
2986767,2,1,4,3,3,150201,300,0,0,1.9285326,3
2986768,1,1,2,3,3,200701,17,0,0,1.1573529,2
2986769,1,1,1,2,5,70106,1,2,0,0.5705734,1
2986770,1,1,1,2,5,150132,1,1,96,0.5705734,1
2986771,2,2,3,3,5,20108,3,0,0,3.8947592,2
2986772,2,1,4,2,2,150507,300,0,0,1.133942,3
2986773,2,1,4,2,3,150507,300,0,0,1.9285326,3
2986775,1,1,1,3,2,150135,1,1,1,0.7221943,1
2986776,2,1,1,3,2,150135,1,1,3,0.7221943,1
2986777,1,1,1,3,3,150135,1,1,6,0.8440426,1
2986778,1,1,1,2,3,150105,1,1,6,0.8440426,1
2986779,1,2,8,1,5,10202,2,0,0,1.9183593,5
2986781,1,1,6,3,2,230101,20,0,0,0.3978981,4
2986782,2,1,6,2,3,230101,20,0,0,1.8985215,4
2986783,2,1,6,1,4,230101,20,0,0,1.2812595,4
2986784,2,1,1,2,3,150103,1,1,7,0.8440426,1
2986786,2,1,6,1,4,40104,5,0,0,1.2812595,4
2986787,1,1,2,2,4,140301,13,0,0,1.5935148,2
2986788,2,1,1,3,2,150108,1,1,5,0.7221943,1
2986789,2,1,1,3,3,150108,1,1,1,0.8440426,1
2986790,2,1,1,3,2,150108,1,1,6,0.7221943,1
2986791,1,1,1,2,3,150108,1,1,4,0.8440426,1
2986792,1,1,1,2,3,150108,1,1,3,0.8440426,1
2986793,1,1,1,2,2,150108,1,1,6,0.7221943,1
2986794,2,1,2,2,5,130402,12,0,0,0.9214397,2
2986795,2,1,2,2,5,130402,12,0,0,0.9214397,2
2986796,1,1,2,2,5,130402,12,0,0,0.9214397,2
2986797,2,1,2,1,3,130402,12,0,0,1.1573529,2
2986798,2,1,5,2,5,120114,11,0,0,1.1680267,3
2986799,2,2,2,1,3,200111,17,0,0,0.1159713,2
2986800,1,1,8,2,3,250105,22,0,0,1.1854848,5
2986801,1,1,7,3,3,50101,6,0,0,1.4320736,4
2986802,1,1,7,3,4,50101,6,0,0,1.128476,4
2986803,1,1,7,1,5,50101,6,0,0,0.8615757,4
2986804,2,1,7,3,4,50101,6,0,0,1.128476,4
2986805,2,1,7,2,3,50101,6,0,0,1.4320736,4
2986806,1,1,1,2,4,150125,1,1,3,0.8885775,1
2986807,2,1,2,1,3,140119,13,0,0,1.1573529,2
2986808,1,2,7,3,5,210805,18,0,0,2.078454,4
2986809,1,1,1,2,3,150142,1,1,96,0.8440426,1
2986810,1,1,1,3,2,150136,1,1,96,0.7221943,1
2986811,1,1,1,2,2,150103,1,1,1,0.7221943,1
2986812,2,1,1,2,4,150103,1,1,NA,0.8885775,1
2986813,2,2,3,1,5,200301,17,0,0,3.8947592,2
2986814,2,1,1,2,2,70102,1,2,0,0.7221943,1
2986815,2,1,5,3,5,90101,24,0,0,1.1680267,3
2986816,2,1,1,2,3,150132,1,1,NA,0.8440426,1
2986817,2,1,1,3,3,150132,1,1,1,0.8440426,1
2986818,2,1,1,1,3,150132,1,1,1,0.8440426,1
2986819,1,1,4,3,3,150806,300,0,0,1.9285326,3
2986820,2,1,1,2,2,150132,1,1,NA,0.7221943,1
2986821,2,1,1,3,4,150132,1,1,NA,0.8885775,1
2986822,1,1,1,1,4,150132,1,1,NA,0.8885775,1
2986823,1,1,1,2,3,150132,1,1,NA,0.8440426,1
2986824,1,1,1,3,4,150132,1,1,3,0.8885775,1
2986825,1,1,1,2,4,150132,1,1,NA,0.8885775,1
2986826,1,1,1,3,3,150132,1,1,NA,0.8440426,1
2986834,1,1,1,3,2,150111,1,1,1,0.7221943,1
2986836,1,1,1,2,2,150120,1,1,NA,0.7221943,1
2986837,1,1,1,2,2,150120,1,1,6,0.7221943,1
2986838,2,1,1,2,2,150120,1,1,6,0.7221943,1
2986839,2,1,1,2,2,150120,1,1,3,0.7221943,1
2986840,1,1,4,3,3,110101,10,0,0,1.9285326,3
2986842,2,2,2,2,4,200111,17,0,0,0.6491901,2
2986844,2,1,1,2,3,150103,1,1,6,0.8440426,1
2986845,1,1,4,1,4,110207,10,0,0,1.0801545,3
2986846,1,1,4,3,4,110207,10,0,0,1.0801545,3
2986847,1,1,4,2,4,110207,10,0,0,1.0801545,3
2986848,1,2,8,2,2,80902,8,0,0,0.0380336,5
2986849,1,1,1,2,2,150135,1,1,96,0.7221943,1
2986850,2,1,1,2,2,150135,1,1,3,0.7221943,1
2986851,2,1,1,2,3,150133,1,1,6,0.8440426,1
2986852,1,2,7,1,5,210805,18,0,0,2.078454,4
2986857,1,1,2,2,5,140119,13,0,0,0.9214397,2
2986858,2,2,5,2,5,120904,11,0,0,1.9398974,3
2986859,1,1,6,2,2,230101,20,0,0,0.3978981,4
2986860,2,1,2,1,5,130402,12,0,0,0.9214397,2
2986861,1,1,1,2,3,150132,1,1,3,0.8440426,1
2986862,1,1,1,3,3,150132,1,1,1,0.8440426,1
2986863,1,1,1,2,3,150132,1,1,3,0.8440426,1
2986864,1,2,7,1,5,211301,18,0,0,2.078454,4
2986865,2,1,5,2,2,90101,24,0,0,0.381243,3
2986866,1,1,1,3,3,150141,1,1,3,0.8440426,1
2986867,2,1,1,3,2,150141,1,1,3,0.7221943,1
2986868,1,1,1,2,2,150141,1,1,6,0.7221943,1
2986869,1,1,1,3,3,150141,1,1,6,0.8440426,1
2986870,1,1,1,3,2,150116,1,1,NA,0.7221943,1
2986871,2,1,1,2,2,150141,1,1,3,0.7221943,1
2986872,1,1,1,2,2,150116,1,1,3,0.7221943,1
2986873,2,1,1,2,3,150141,1,1,1,0.8440426,1
2986874,1,1,1,3,2,150116,1,1,96,0.7221943,1
2986875,1,1,1,1,2,150116,1,1,6,0.7221943,1
2986876,1,1,1,3,3,150141,1,1,1,0.8440426,1
2986877,1,1,1,2,3,150141,1,1,NA,0.8440426,1
2986878,1,1,1,1,2,150141,1,1,1,0.7221943,1
2986879,2,1,1,1,3,150141,1,1,7,0.8440426,1
2986880,2,1,1,2,2,150141,1,1,6,0.7221943,1
2986881,1,1,1,3,3,150104,1,1,NA,0.8440426,1
2986882,2,1,1,2,2,150104,1,1,NA,0.7221943,1
2986884,1,1,2,2,2,200701,17,0,0,0.6877974,2
2986885,2,2,4,2,5,110303,10,0,0,0.7918473,3
2986886,1,2,4,1,2,110303,10,0,0,0.0155875,3
2986887,2,2,4,3,4,110303,10,0,0,0.8591855,3
2986888,1,2,4,3,3,110303,10,0,0,0.35789,3
2986889,1,2,4,2,2,110303,10,0,0,0.0155875,3
2986890,2,1,1,3,3,150135,1,1,96,0.8440426,1
2986891,2,1,1,3,2,150136,1,1,6,0.7221943,1
2986903,1,1,1,3,3,150103,1,1,6,0.8440426,1
2986920,1,1,1,2,2,150111,1,1,1,0.7221943,1
2986925,1,1,1,2,4,150142,1,1,96,0.8885775,1
2986935,2,1,1,2,2,150135,1,1,1,0.7221943,1
2986939,2,1,7,2,4,80104,8,0,0,1.128476,4
2986940,2,1,7,2,5,80104,8,0,0,0.8615757,4
2986941,2,1,7,1,5,80104,8,0,0,0.8615757,4
2986942,1,1,7,1,4,80104,8,0,0,1.128476,4
2986943,1,1,7,2,2,80104,8,0,0,1.2809498,4
2986944,2,1,7,3,5,80104,8,0,0,0.8615757,4
2986946,2,1,7,2,4,80104,8,0,0,1.128476,4
2986947,2,1,3,2,5,60101,7,0,0,0.7143549,2
2986948,1,1,3,2,5,60101,7,0,0,0.7143549,2
2986949,2,1,1,3,2,150133,1,1,1,0.7221943,1
2986950,2,1,6,2,4,40104,5,0,0,1.2812595,4
2986951,2,1,1,2,4,70102,1,2,0,0.8885775,1
2986952,2,1,1,2,5,150143,1,1,1,0.5705734,1
2986953,2,1,1,3,5,150143,1,1,3,0.5705734,1
2986954,1,1,1,3,5,150143,1,1,NA,0.5705734,1
2986955,1,1,1,3,4,150143,1,1,3,0.8885775,1
2986956,1,1,1,3,4,150143,1,1,1,0.8885775,1
2986957,1,1,1,2,5,150143,1,1,1,0.5705734,1
2986958,2,1,1,2,3,150143,1,1,NA,0.8440426,1
2986959,2,1,1,1,3,150143,1,1,6,0.8440426,1
2986960,1,1,1,1,3,150143,1,1,NA,0.8440426,1
2986961,2,1,1,2,5,150143,1,1,1,0.5705734,1
2986962,2,1,1,1,3,150110,1,1,2,0.8440426,1
2986963,2,1,8,3,5,250105,22,0,0,0.8763586,5
2986964,2,1,1,1,3,150137,1,1,1,0.8440426,1
2986968,2,1,1,2,5,150132,1,1,96,0.5705734,1
2986970,1,1,1,3,2,150121,1,1,6,0.7221943,1
2986971,1,1,1,2,2,150121,1,1,6,0.7221943,1
2986972,1,1,2,3,3,200701,17,0,0,1.1573529,2
2986973,2,2,7,3,5,210805,18,0,0,2.078454,4
2986974,2,1,1,2,3,150125,1,1,2,0.8440426,1
2986976,2,1,1,2,2,150133,1,1,96,0.7221943,1
2986977,2,1,8,2,5,220901,19,0,0,0.8763586,5
2986978,2,2,5,2,5,120904,11,0,0,1.9398974,3
2986979,1,1,8,2,3,220901,19,0,0,1.1854848,5
2986980,1,1,8,1,3,220901,19,0,0,1.1854848,5
2986981,2,1,8,1,3,220901,19,0,0,1.1854848,5
2986982,2,1,8,3,3,220901,19,0,0,1.1854848,5
2986983,2,1,8,3,3,220901,19,0,0,1.1854848,5
2986984,1,1,8,2,3,220901,19,0,0,1.1854848,5
2986985,1,1,8,3,3,220901,19,0,0,1.1854848,5
2986986,2,1,2,3,4,140301,13,0,0,1.5935148,2
2986987,2,2,8,2,3,60901,7,0,0,0.1972047,5
2986988,1,1,1,3,4,150133,1,1,1,0.8885775,1
2986989,1,1,2,3,3,140119,13,0,0,1.1573529,2
2986990,1,1,1,3,2,150103,1,1,1,0.7221943,1
2986991,1,1,1,2,2,150111,1,1,1,0.7221943,1
2986992,2,2,7,2,3,80604,8,0,0,0.1690937,4
2986993,2,2,7,2,4,80604,8,0,0,0.371711,4
2986994,1,2,7,3,3,80604,8,0,0,0.1690937,4
2986995,1,2,2,3,4,200111,17,0,0,0.6491901,2
2986996,1,1,8,3,5,120301,11,0,0,0.8763586,5
2986997,1,1,8,1,2,120301,11,0,0,1.097862,5
2986998,1,1,8,3,5,120301,11,0,0,0.8763586,5
2986999,1,1,8,2,2,120301,11,0,0,1.097862,5
2987000,2,1,8,2,2,120301,11,0,0,1.097862,5
2987001,2,1,8,3,5,120301,11,0,0,0.8763586,5
2987002,2,1,8,3,5,120301,11,0,0,0.8763586,5
2987003,1,1,7,1,4,80105,8,0,0,1.128476,4
2987004,2,1,8,2,5,120301,11,0,0,0.8763586,5
2987005,2,1,8,1,5,120301,11,0,0,0.8763586,5
2987006,1,1,8,2,4,120301,11,0,0,1.6053925,5
2987007,2,1,3,1,5,60101,7,0,0,0.7143549,2
2987008,1,1,7,3,4,80104,8,0,0,1.128476,4
2987009,1,1,1,2,4,150110,1,1,3,0.8885775,1
2987010,2,1,1,3,2,150110,1,1,1,0.7221943,1
2987011,1,1,8,1,3,160101,14,0,0,1.1854848,5
2987012,2,1,8,3,3,160101,14,0,0,1.1854848,5
2987013,1,1,1,3,2,150113,1,1,1,0.7221943,1
2987014,2,1,1,1,2,150113,1,1,NA,0.7221943,1
2987015,1,1,1,2,2,150113,1,1,4,0.7221943,1
2987016,1,1,1,3,2,150113,1,1,3,0.7221943,1
2987017,1,1,1,3,3,150113,1,1,1,0.8440426,1
2987018,2,1,1,3,2,150113,1,1,3,0.7221943,1
2987019,1,1,1,2,2,150113,1,1,1,0.7221943,1
2987020,2,1,5,3,2,90101,24,0,0,0.381243,3
2987021,1,1,1,2,2,150142,1,1,1,0.7221943,1
2987022,1,1,1,3,2,150103,1,1,NA,0.7221943,1
2987023,2,2,7,3,5,211301,18,0,0,2.078454,4
2987024,2,1,1,3,1,150140,1,1,3,0.7221943,1
2987025,1,1,2,3,4,200701,17,0,0,1.5935148,2
2987027,2,1,8,1,4,250105,22,0,0,1.6053925,5
2987028,2,1,1,3,3,150108,1,1,3,0.8440426,1
2987029,2,1,1,3,3,150108,1,1,6,0.8440426,1
2987030,1,1,1,2,3,150108,1,1,1,0.8440426,1
2987031,1,1,1,2,2,150108,1,1,1,0.7221943,1
2987032,1,1,1,1,3,150108,1,1,6,0.8440426,1
2987033,1,1,1,1,3,150108,1,1,NA,0.8440426,1
2987047,1,1,4,2,3,110101,10,0,0,1.9285326,3
2987052,2,2,7,2,5,210805,18,0,0,2.078454,4
2987053,2,2,2,2,5,200111,17,0,0,1.5653013,2
2987055,1,1,1,3,3,150111,1,1,6,0.8440426,1
2987056,1,1,3,2,5,60101,7,0,0,0.7143549,2
2987058,2,1,1,1,5,150125,1,1,1,0.5705734,1
2987061,1,1,1,3,3,150133,1,1,6,0.8440426,1
2987062,1,1,7,3,5,80104,8,0,0,0.8615757,4
2987063,1,1,1,2,3,150110,1,1,96,0.8440426,1
2987064,1,1,1,3,2,150135,1,1,1,0.7221943,1
2987065,2,1,2,2,3,21801,3,0,0,1.1573529,2
2987067,2,1,2,3,3,21801,3,0,0,1.1573529,2
2987068,2,1,2,3,5,21801,3,0,0,0.9214397,2
2987069,1,1,2,3,4,21801,3,0,0,1.5935148,2
2987070,2,1,2,2,5,21801,3,0,0,0.9214397,2
2987071,2,1,2,3,5,21801,3,0,0,0.9214397,2
2987072,1,1,2,1,3,21801,3,0,0,1.1573529,2
2987073,1,1,2,1,3,21801,3,0,0,1.1573529,2
2987074,1,1,2,2,3,21801,3,0,0,1.1573529,2
2987075,1,1,2,2,3,21801,3,0,0,1.1573529,2
2987076,1,1,2,1,2,200701,17,0,0,0.6877974,2
2987077,1,1,1,3,3,150103,1,1,1,0.8440426,1
2987078,2,1,4,1,3,110101,10,0,0,1.9285326,3
2987079,2,1,8,3,4,60801,7,0,0,1.6053925,5
2987080,2,1,1,2,5,150125,1,1,96,0.5705734,1
2987081,1,2,7,3,5,210805,18,0,0,2.078454,4
2987082,2,1,1,2,1,150114,1,1,6,0.7221943,1
2987083,2,1,1,3,4,150132,1,1,NA,0.8885775,1
2987084,2,1,1,1,4,150132,1,1,1,0.8885775,1
2987085,2,1,6,2,4,40104,5,0,0,1.2812595,4
2987088,1,1,1,2,3,150125,1,1,1,0.8440426,1
2987089,2,1,8,2,5,250105,22,0,0,0.8763586,5
2987091,1,1,1,1,3,70102,1,2,0,0.8440426,1
2987092,1,2,7,3,3,50403,6,0,0,0.1690937,4
2987093,1,2,7,2,4,50403,6,0,0,0.371711,4
2987094,1,2,7,2,5,50403,6,0,0,2.078454,4
2987095,2,2,8,1,5,220502,19,0,0,1.9183593,5
2987096,1,2,8,3,5,220502,19,0,0,1.9183593,5
2987097,1,2,8,3,4,220502,19,0,0,0.9644683,5
2987098,2,2,7,1,5,50403,6,0,0,2.078454,4
2987099,1,2,7,2,3,80604,8,0,0,0.1690937,4
2987100,1,1,1,3,3,150104,1,1,NA,0.8440426,1
2987101,2,1,2,1,3,140119,13,0,0,1.1573529,2
2987102,1,1,7,3,5,80104,8,0,0,0.8615757,4
2987103,1,1,1,1,3,150110,1,1,1,0.8440426,1
2987104,2,1,1,1,2,150133,1,1,3,0.7221943,1
2987105,1,1,1,2,4,150110,1,1,1,0.8885775,1
2987106,1,1,1,2,1,150122,1,1,1,0.7221943,1
2987107,2,1,1,1,3,150133,1,1,96,0.8440426,1
2987108,1,1,6,3,3,40112,5,0,0,1.8985215,4
2987109,2,1,3,2,4,60101,7,0,0,1.962472,2
2987110,1,1,6,2,2,40112,5,0,0,0.3978981,4
2987111,1,1,6,1,3,40112,5,0,0,1.8985215,4
2987112,2,1,6,1,2,40112,5,0,0,0.3978981,4
2987115,2,1,1,1,4,150111,1,1,96,0.8885775,1
2987117,2,1,4,1,3,110101,10,0,0,1.9285326,3
2987118,1,1,1,3,5,150132,1,1,96,0.5705734,1
2987119,2,1,1,3,4,150132,1,1,96,0.8885775,1
2987120,1,1,1,3,2,150136,1,1,1,0.7221943,1
2987122,2,1,1,2,2,150132,1,1,96,0.7221943,1
2987123,1,1,1,2,2,150132,1,1,96,0.7221943,1
2987124,1,1,1,3,2,150132,1,1,6,0.7221943,1
2987125,1,1,1,3,3,150132,1,1,NA,0.8440426,1
2987126,1,1,1,3,3,150132,1,1,2,0.8440426,1
2987128,2,2,5,3,4,120904,11,0,0,0.9318235,3
2987142,2,1,4,2,5,150201,300,0,0,0.6862677,3
2987143,2,1,4,2,3,150201,300,0,0,1.9285326,3
2987144,1,1,4,1,4,150201,300,0,0,1.0801545,3
2987145,2,1,4,2,4,150201,300,0,0,1.0801545,3
2987146,2,2,2,2,5,200111,17,0,0,1.5653013,2
2987150,1,1,1,3,2,150117,1,1,6,0.7221943,1
2987153,1,1,8,1,3,60801,7,0,0,1.1854848,5
2987154,1,1,1,3,3,150103,1,1,NA,0.8440426,1
2987155,2,1,1,2,2,150108,1,1,96,0.7221943,1
2987156,2,1,1,3,2,150108,1,1,6,0.7221943,1
2987157,1,1,1,2,2,150108,1,1,1,0.7221943,1
2987158,2,1,1,3,3,150108,1,1,6,0.8440426,1
2987159,1,1,1,3,3,150110,1,1,6,0.8440426,1
2987161,1,2,7,3,2,80604,8,0,0,0.0361631,4
2987162,1,1,1,3,4,150110,1,1,6,0.8885775,1
2987163,1,1,3,3,5,60101,7,0,0,0.7143549,2
2987172,2,1,2,3,4,140119,13,0,0,1.5935148,2
2987173,2,1,1,2,3,150111,1,1,96,0.8440426,1
2987174,2,1,1,3,3,150137,1,1,1,0.8440426,1
2987175,1,1,8,2,5,250105,22,0,0,0.8763586,5
2987176,2,1,1,3,5,150125,1,1,7,0.5705734,1
2987177,2,1,1,3,3,150125,1,1,NA,0.8440426,1
2987228,2,1,1,2,3,150133,1,1,NA,0.8440426,1
2987229,1,1,1,3,4,150133,1,1,1,0.8885775,1
2987231,1,1,2,2,4,140301,13,0,0,1.5935148,2
2987232,1,1,1,1,1,150114,1,1,3,0.7221943,1
2987233,2,2,7,3,5,210805,18,0,0,2.078454,4
2987234,2,1,1,2,2,150117,1,1,6,0.7221943,1
2987235,2,2,2,1,3,200111,17,0,0,0.1159713,2
2987237,1,1,2,3,5,240101,21,0,0,0.9214397,2
2987238,1,1,2,2,3,240101,21,0,0,1.1573529,2
2987239,2,1,2,2,4,240101,21,0,0,1.5935148,2
2987240,2,1,2,2,4,240101,21,0,0,1.5935148,2
2987241,2,1,2,3,5,240101,21,0,0,0.9214397,2
2987242,2,1,2,3,4,240101,21,0,0,1.5935148,2
2987243,1,1,2,2,5,240101,21,0,0,0.9214397,2
2987244,1,1,2,3,5,240101,21,0,0,0.9214397,2
2987245,1,1,2,1,5,240101,21,0,0,0.9214397,2
2987248,2,1,1,2,4,150110,1,1,NA,0.8885775,1
2987249,2,1,1,2,2,150135,1,1,1,0.7221943,1
2987250,2,1,6,3,2,180101,15,0,0,0.3978981,4
2987251,1,1,6,3,2,180101,15,0,0,0.3978981,4
2987252,2,2,5,3,5,120904,11,0,0,1.9398974,3
2987253,2,2,3,2,5,22005,3,0,0,3.8947592,2
2987254,2,2,3,3,4,22005,3,0,0,0.7220151,2
2987255,1,2,3,3,5,22005,3,0,0,3.8947592,2
2987256,2,1,1,3,5,150125,1,1,96,0.5705734,1
2987257,2,2,3,3,5,22005,3,0,0,3.8947592,2
2987258,1,2,3,2,3,22005,3,0,0,0.02998,2
2987259,2,1,3,3,5,60101,7,0,0,0.7143549,2
2987261,1,1,1,3,3,150110,1,1,1,0.8440426,1
2987262,2,1,1,1,3,150108,1,1,2,0.8440426,1
2987263,1,1,1,3,2,150108,1,1,6,0.7221943,1
2987264,1,1,1,2,2,150108,1,1,1,0.7221943,1
2987265,1,1,1,3,3,150103,1,1,6,0.8440426,1
2987266,1,1,1,1,3,150133,1,1,6,0.8440426,1
2987267,2,1,7,3,2,80105,8,0,0,1.2809498,4
2987269,1,1,7,1,2,210101,18,0,0,1.2809498,4
2987270,1,1,7,2,2,210101,18,0,0,1.2809498,4
2987272,1,1,7,3,3,210101,18,0,0,1.4320736,4
2987273,2,1,7,1,5,210101,18,0,0,0.8615757,4
2987276,2,1,7,3,3,210101,18,0,0,1.4320736,4
2987277,2,1,7,2,5,210101,18,0,0,0.8615757,4
2987278,1,2,7,2,5,210805,18,0,0,2.078454,4
2987279,1,2,7,3,5,80604,8,0,0,2.078454,4
2987281,2,1,4,2,3,110101,10,0,0,1.9285326,3
2987282,1,1,1,1,3,150143,1,1,5,0.8440426,1
2987283,1,2,2,2,3,200111,17,0,0,0.1159713,2
2987284,1,1,1,1,3,150110,1,1,1,0.8440426,1
2987285,2,1,1,2,3,150104,1,1,NA,0.8440426,1
2987286,1,1,1,1,3,150104,1,1,NA,0.8440426,1
2987287,2,1,1,1,3,150133,1,1,3,0.8440426,1
2987289,1,1,6,2,3,40112,5,0,0,1.8985215,4
2987290,2,1,1,2,2,150117,1,1,1,0.7221943,1
2987291,1,1,8,3,4,60801,7,0,0,1.6053925,5
2987296,2,1,5,2,5,190101,16,0,0,1.1680267,3
2987297,1,1,8,3,5,250105,22,0,0,0.8763586,5
2987300,1,1,1,3,3,150103,1,1,1,0.8440426,1
2987301,1,1,2,3,5,140301,13,0,0,0.9214397,2
2987302,1,1,1,3,3,150103,1,1,1,0.8440426,1
2987303,1,1,1,3,3,150103,1,1,96,0.8440426,1
2987304,1,1,1,3,5,150103,1,1,1,0.5705734,1
2987305,1,1,1,2,3,150103,1,1,1,0.8440426,1
2987306,2,1,1,2,3,150103,1,1,96,0.8440426,1
2987307,2,1,1,1,3,150132,1,1,NA,0.8440426,1
2987308,1,1,1,3,4,150132,1,1,96,0.8885775,1
2987309,2,1,1,1,4,150103,1,1,3,0.8885775,1
2987310,2,1,1,2,3,150103,1,1,6,0.8440426,1
2987311,2,1,1,2,4,150103,1,1,1,0.8885775,1
2987312,2,1,1,1,4,150103,1,1,96,0.8885775,1
2987315,1,1,1,3,1,150140,1,1,96,0.7221943,1
2987316,1,1,3,3,5,60101,7,0,0,0.7143549,2
2987320,1,1,1,2,3,150135,1,1,4,0.8440426,1
2987325,1,1,1,3,2,150110,1,1,4,0.7221943,1
2987332,2,1,1,2,1,150122,1,1,NA,0.7221943,1
2987334,2,1,1,3,4,150110,1,1,96,0.8885775,1
2987335,1,1,5,3,5,190101,16,0,0,1.1680267,3
2987338,2,1,7,2,5,211101,18,0,0,0.8615757,4
2987339,2,1,7,3,5,211101,18,0,0,0.8615757,4
2987340,2,1,7,2,5,211101,18,0,0,0.8615757,4
2987341,2,1,7,1,5,211101,18,0,0,0.8615757,4
2987342,1,1,7,2,4,211101,18,0,0,1.128476,4
2987343,1,1,7,3,5,211101,18,0,0,0.8615757,4
2987345,1,1,7,3,3,211101,18,0,0,1.4320736,4
2987346,2,1,7,3,4,211101,18,0,0,1.128476,4
2987347,1,1,7,2,4,211101,18,0,0,1.128476,4
2987349,1,1,7,1,4,211101,18,0,0,1.128476,4
2987351,2,1,4,2,3,110101,10,0,0,1.9285326,3
2987366,1,1,1,3,3,150125,1,1,1,0.8440426,1
2987373,2,1,1,3,4,150132,1,1,1,0.8885775,1
2987374,1,1,1,3,4,150132,1,1,3,0.8885775,1
2987375,1,1,1,2,4,150132,1,1,1,0.8885775,1
2987376,1,1,1,3,5,150132,1,1,7,0.5705734,1
2987378,2,1,1,2,4,150132,1,1,NA,0.8885775,1
2987379,2,1,1,2,5,150132,1,1,6,0.5705734,1
2987381,1,1,1,2,3,150132,1,1,1,0.8440426,1
2987382,1,1,1,3,3,150132,1,1,6,0.8440426,1
2987383,2,1,1,1,3,150132,1,1,3,0.8440426,1
2987385,2,1,1,1,3,150132,1,1,1,0.8440426,1
2987387,1,1,1,2,3,150133,1,1,6,0.8440426,1
2987388,2,1,1,1,4,150125,1,1,96,0.8885775,1
2987390,1,1,1,3,3,150103,1,1,6,0.8440426,1
2987391,2,2,7,2,4,210805,18,0,0,0.371711,4
2987392,1,2,2,3,5,200111,17,0,0,1.5653013,2
2987393,2,2,3,2,3,60401,7,0,0,0.02998,2
2987394,1,2,3,1,3,60401,7,0,0,0.02998,2
2987395,1,2,3,2,2,60401,7,0,0,0.0039488,2
2987396,2,1,1,1,4,70106,1,2,0,0.8885775,1
2987397,1,1,3,3,3,60101,7,0,0,0.6682693,2
2987398,2,1,5,2,4,190101,16,0,0,2.0833869,3
2987399,1,1,6,2,5,180101,15,0,0,1.5366203,4
2987400,2,1,6,1,4,180101,15,0,0,1.2812595,4
2987401,2,1,1,3,3,150110,1,1,96,0.8440426,1
2987402,1,1,1,3,1,150140,1,1,3,0.7221943,1
2987404,1,2,7,2,5,210805,18,0,0,2.078454,4
2987405,2,1,8,1,4,60801,7,0,0,1.6053925,5
2987406,1,1,1,2,2,150133,1,1,NA,0.7221943,1
2987408,2,1,3,1,3,60101,7,0,0,0.6682693,2
2987410,1,1,1,1,4,150136,1,1,3,0.8885775,1
2987411,2,1,1,3,2,150136,1,1,3,0.7221943,1
2987412,1,1,1,2,3,150110,1,1,6,0.8440426,1
2987413,1,2,5,1,5,120904,11,0,0,1.9398974,3
2987414,2,1,7,1,5,80105,8,0,0,0.8615757,4
2987415,1,1,7,3,4,80105,8,0,0,1.128476,4
2987416,2,1,4,1,4,110207,10,0,0,1.0801545,3
2987417,2,1,4,2,4,110207,10,0,0,1.0801545,3
2987418,2,1,4,3,4,110207,10,0,0,1.0801545,3
2987419,1,1,4,2,4,110207,10,0,0,1.0801545,3
2987420,2,1,4,2,4,110207,10,0,0,1.0801545,3
2987421,1,1,1,2,4,150117,1,1,1,0.8885775,1
2987422,1,1,1,3,3,150117,1,1,NA,0.8440426,1
2987423,2,1,1,3,3,150117,1,1,NA,0.8440426,1
2987424,1,1,1,2,2,150117,1,1,NA,0.7221943,1
2987425,2,1,1,2,2,150117,1,1,NA,0.7221943,1
2987426,2,1,1,3,3,150117,1,1,96,0.8440426,1
2987427,1,1,1,3,3,150117,1,1,1,0.8440426,1
2987428,2,1,5,1,2,190101,16,0,0,0.381243,3
2987430,2,1,1,1,3,150135,1,1,NA,0.8440426,1
2987431,1,1,1,3,3,150135,1,1,6,0.8440426,1
2987432,1,1,1,2,3,150135,1,1,1,0.8440426,1
2987433,1,1,1,3,3,150135,1,1,7,0.8440426,1
2987434,1,1,1,3,4,150125,1,1,96,0.8885775,1
2987436,1,1,1,2,2,150105,1,1,6,0.7221943,1
2987437,2,1,1,3,2,150116,1,1,96,0.7221943,1
2987438,1,1,1,2,2,150116,1,1,1,0.7221943,1
2987439,2,1,1,2,2,150116,1,1,6,0.7221943,1
2987440,2,1,1,2,3,150132,1,1,1,0.8440426,1
2987441,2,1,1,3,4,150132,1,1,1,0.8885775,1
2987442,2,1,1,2,3,150132,1,1,1,0.8440426,1
2987443,1,2,3,1,3,60701,7,0,0,0.02998,2
2987444,1,2,3,2,3,60701,7,0,0,0.02998,2
2987445,1,2,3,2,3,60701,7,0,0,0.02998,2
2987446,2,2,7,1,5,210805,18,0,0,2.078454,4
2987447,1,1,8,3,3,60801,7,0,0,1.1854848,5
2987451,2,1,6,2,3,40112,5,0,0,1.8985215,4
2987465,2,1,1,2,1,150140,1,1,1,0.7221943,1
2987467,2,1,1,2,3,150135,1,1,3,0.8440426,1
2987468,2,2,8,2,5,220502,19,0,0,1.9183593,5
2987469,1,2,8,3,4,220502,19,0,0,0.9644683,5
2987470,1,2,8,1,4,220502,19,0,0,0.9644683,5
2987471,2,1,8,3,5,250105,22,0,0,0.8763586,5
2987472,2,1,1,3,3,150117,1,1,1,0.8440426,1
2987474,2,1,1,2,2,150113,1,1,NA,0.7221943,1
2987475,2,1,1,1,2,150113,1,1,1,0.7221943,1
2987476,2,1,1,2,3,150113,1,1,6,0.8440426,1
2987478,1,1,1,2,5,150125,1,1,96,0.5705734,1
2987480,1,1,1,1,2,70101,1,2,0,0.7221943,1
2987488,1,1,1,2,4,150128,1,1,96,0.8885775,1
2987489,1,1,1,3,4,150128,1,1,1,0.8885775,1
2987490,1,1,1,3,4,150128,1,1,96,0.8885775,1
2987491,2,2,3,1,2,60401,7,0,0,0.0039488,2
2987492,2,1,1,3,4,150128,1,1,NA,0.8885775,1
2987493,1,1,1,3,4,150128,1,1,1,0.8885775,1
2987494,2,2,3,3,3,60401,7,0,0,0.02998,2
2987495,2,1,1,2,4,150128,1,1,2,0.8885775,1
2987496,2,1,1,2,4,150128,1,1,2,0.8885775,1
2987497,2,1,1,1,4,150128,1,1,6,0.8885775,1
2987498,2,1,1,2,4,150128,1,1,2,0.8885775,1
2987499,1,1,1,1,4,150128,1,1,1,0.8885775,1
2987504,1,2,3,3,3,60701,7,0,0,0.02998,2
2987505,1,2,5,2,5,90103,24,0,0,1.9398974,3
2987506,2,1,4,3,4,110207,10,0,0,1.0801545,3
2987507,1,2,7,1,5,210805,18,0,0,2.078454,4
2987513,2,1,1,3,4,150110,1,1,4,0.8885775,1
2987514,2,1,1,2,3,150117,1,1,6,0.8440426,1
2987515,1,1,1,2,2,150117,1,1,1,0.7221943,1
2987516,2,1,7,1,5,30201,4,0,0,0.8615757,4
2987517,1,2,7,3,4,50403,6,0,0,0.371711,4
2987518,2,2,7,3,5,50403,6,0,0,2.078454,4
2987519,1,2,7,3,5,50403,6,0,0,2.078454,4
2987520,1,2,7,3,4,50403,6,0,0,0.371711,4
2987521,2,2,7,2,5,50403,6,0,0,2.078454,4
2987522,2,2,7,1,5,50403,6,0,0,2.078454,4
2987526,2,1,2,1,2,21809,3,0,0,0.6877974,2
2987527,2,1,2,3,2,21809,3,0,0,0.6877974,2
2987528,2,1,2,3,2,21809,3,0,0,0.6877974,2
2987529,1,1,2,3,3,21809,3,0,0,1.1573529,2
2987530,1,1,1,1,1,150114,1,1,1,0.7221943,1
2987531,1,1,7,3,2,80105,8,0,0,1.2809498,4
2987532,2,1,1,3,3,150105,1,1,6,0.8440426,1
2987533,1,1,6,3,3,180101,15,0,0,1.8985215,4
2987534,2,1,6,2,4,180101,15,0,0,1.2812595,4
2987535,2,1,6,2,2,180101,15,0,0,0.3978981,4
2987538,1,1,1,1,4,150125,1,1,1,0.8885775,1
2987540,2,1,1,1,3,150110,1,1,3,0.8440426,1
2987541,2,1,1,1,2,150116,1,1,1,0.7221943,1
2987542,2,1,8,3,5,250105,22,0,0,0.8763586,5
2987543,1,1,1,2,1,150122,1,1,6,0.7221943,1
2987548,2,1,1,1,1,150122,1,1,6,0.7221943,1
2987552,2,1,1,1,3,150108,1,1,2,0.8440426,1
2987553,2,1,1,3,3,150108,1,1,6,0.8440426,1
2987554,2,1,1,2,4,150108,1,1,1,0.8885775,1
2987555,1,1,1,1,4,150108,1,1,NA,0.8885775,1
2987556,1,1,1,3,3,150108,1,1,1,0.8440426,1
2987557,2,1,1,2,3,150108,1,1,6,0.8440426,1
2987558,2,1,1,2,3,150108,1,1,NA,0.8440426,1
2987559,1,1,1,3,3,150108,1,1,1,0.8440426,1
2987560,1,1,1,3,3,150108,1,1,NA,0.8440426,1
2987561,1,1,1,2,4,150108,1,1,7,0.8885775,1
2987565,1,1,8,1,2,220901,19,0,0,1.097862,5
2987574,1,1,5,2,5,190101,16,0,0,1.1680267,3
2987579,1,2,7,2,4,210805,18,0,0,0.371711,4
2987580,1,1,7,2,2,30201,4,0,0,1.2809498,4
2987582,2,1,1,2,3,150136,1,1,NA,0.8440426,1
2987585,1,1,1,1,1,150140,1,1,3,0.7221943,1
2987587,2,1,1,3,3,70101,1,2,0,0.8440426,1
2987588,1,1,1,3,3,70101,1,2,0,0.8440426,1
2987590,2,1,1,2,3,150132,1,1,3,0.8440426,1
2987592,1,1,1,3,5,150132,1,1,96,0.5705734,1
2987595,2,1,1,2,2,150116,1,1,6,0.7221943,1
2987596,2,1,1,1,3,150117,1,1,96,0.8440426,1
2987597,2,1,1,1,3,150108,1,1,NA,0.8440426,1
2987598,1,1,5,3,5,190101,16,0,0,1.1680267,3
2987607,2,1,5,2,3,100101,9,0,0,0.8281767,3
2987608,2,1,5,3,3,100101,9,0,0,0.8281767,3
2987609,2,1,5,1,5,100101,9,0,0,1.1680267,3
2987610,2,1,5,2,4,100101,9,0,0,2.0833869,3
2987611,1,1,5,2,4,100101,9,0,0,2.0833869,3
2987614,2,1,1,1,4,70106,1,2,0,0.8885775,1
2987616,2,1,1,2,4,150110,1,1,6,0.8885775,1
2987617,1,1,6,1,2,180101,15,0,0,0.3978981,4
2987618,2,1,1,2,4,150125,1,1,1,0.8885775,1
2987621,2,1,1,3,3,150112,1,1,96,0.8440426,1
2987622,1,1,1,3,2,150112,1,1,1,0.7221943,1
2987623,1,1,1,3,5,150112,1,1,96,0.5705734,1
2987624,2,1,1,2,3,150105,1,1,6,0.8440426,1
2987625,1,1,1,2,3,150112,1,1,96,0.8440426,1
2987626,1,1,1,1,2,150112,1,1,3,0.7221943,1
2987627,1,1,8,3,4,220901,19,0,0,1.6053925,5
2987629,2,1,1,1,2,150117,1,1,96,0.7221943,1
2987632,1,2,8,2,5,220502,19,0,0,1.9183593,5
2987633,1,1,5,3,5,190101,16,0,0,1.1680267,3
2987637,2,1,7,1,4,30201,4,0,0,1.128476,4
2987638,2,1,1,3,2,70101,1,2,0,0.7221943,1
2987699,1,1,1,3,1,150122,1,1,3,0.7221943,1
2987700,2,1,6,3,3,180101,15,0,0,1.8985215,4
2987703,1,1,1,3,3,150142,1,1,3,0.8440426,1
2987704,1,1,1,3,3,150142,1,1,NA,0.8440426,1
2987705,1,1,1,2,3,150142,1,1,1,0.8440426,1
2987706,2,1,1,1,2,150142,1,1,6,0.7221943,1
2987707,2,1,1,2,2,150142,1,1,1,0.7221943,1
2987708,2,1,1,3,2,150142,1,1,1,0.7221943,1
2987709,1,1,1,3,4,150142,1,1,96,0.8885775,1
2987710,2,1,1,3,2,150116,1,1,1,0.7221943,1
2987715,2,1,8,1,4,60801,7,0,0,1.6053925,5
2987716,2,1,8,3,5,60801,7,0,0,0.8763586,5
2987717,1,1,1,2,2,150142,1,1,1,0.7221943,1
2987718,2,1,1,2,3,150142,1,1,6,0.8440426,1
2987720,1,1,1,1,3,150135,1,1,3,0.8440426,1
2987753,1,2,7,3,5,211301,18,0,0,2.078454,4
2987754,2,2,7,2,2,211301,18,0,0,0.0361631,4
2987755,2,2,7,2,3,211301,18,0,0,0.1690937,4
2987756,1,2,7,2,4,211301,18,0,0,0.371711,4
2987757,1,2,7,3,4,211301,18,0,0,0.371711,4
2987758,2,2,7,3,4,211301,18,0,0,0.371711,4
2987760,2,2,7,1,5,211301,18,0,0,2.078454,4
2987762,1,1,1,1,2,150136,1,1,4,0.7221943,1
2987764,2,1,8,2,4,120301,11,0,0,1.6053925,5
2987765,2,1,1,2,4,150132,1,1,NA,0.8885775,1
2987768,1,1,4,3,4,110207,10,0,0,1.0801545,3
2987771,2,1,1,2,2,150110,1,1,3,0.7221943,1
2987817,1,1,8,1,5,60801,7,0,0,0.8763586,5
2987829,1,1,7,3,5,30201,4,0,0,0.8615757,4
2987830,2,1,6,2,5,230101,20,0,0,1.5366203,4
2987835,2,1,1,2,1,150140,1,1,1,0.7221943,1
2987841,1,1,7,1,5,30213,4,0,0,0.8615757,4
2987842,2,1,7,2,4,30213,4,0,0,1.128476,4
2987843,2,1,7,2,4,30213,4,0,0,1.128476,4
2987844,1,1,7,3,5,30213,4,0,0,0.8615757,4
2987845,1,1,7,1,3,30213,4,0,0,1.4320736,4
2987846,1,1,7,3,5,30213,4,0,0,0.8615757,4
2987848,1,1,2,3,5,21809,3,0,0,0.9214397,2
2987849,1,1,2,2,2,21809,3,0,0,0.6877974,2
2987850,1,1,2,2,2,21809,3,0,0,0.6877974,2
2987851,1,1,4,2,2,110101,10,0,0,1.133942,3
2987852,1,1,1,2,3,150136,1,1,6,0.8440426,1
2987854,2,1,1,2,4,150132,1,1,3,0.8885775,1
2987855,2,1,1,1,2,150132,1,1,6,0.7221943,1
2987856,2,1,8,3,3,220901,19,0,0,1.1854848,5
2987857,2,1,8,3,3,220901,19,0,0,1.1854848,5
2987863,1,1,6,2,2,230101,20,0,0,0.3978981,4
2987865,2,1,2,3,4,200101,17,0,0,1.5935148,2
2987875,2,1,1,2,3,150110,1,1,3,0.8440426,1
2987890,2,1,7,2,5,50101,6,0,0,0.8615757,4
2987891,1,1,7,2,3,50101,6,0,0,1.4320736,4
2987892,2,1,7,1,3,50101,6,0,0,1.4320736,4
2987893,1,1,7,2,5,50101,6,0,0,0.8615757,4
2987894,2,1,7,3,5,50101,6,0,0,0.8615757,4
2987899,1,1,7,2,3,30201,4,0,0,1.4320736,4
2987900,1,1,1,2,4,70101,1,2,0,0.8885775,1
2987913,1,2,7,2,4,211301,18,0,0,0.371711,4
2987919,1,1,6,2,2,230101,20,0,0,0.3978981,4
2987924,1,1,1,3,3,70101,1,2,0,0.8440426,1
2987931,1,1,2,3,5,200101,17,0,0,0.9214397,2
2987939,1,1,7,2,2,30201,4,0,0,1.2809498,4
2987940,2,1,1,2,2,150136,1,1,1,0.7221943,1
2987949,2,1,2,1,4,200101,17,0,0,1.5935148,2
2987953,2,1,7,2,4,30213,4,0,0,1.128476,4
2987955,2,1,7,3,4,30213,4,0,0,1.128476,4
2987956,2,1,7,3,5,30213,4,0,0,0.8615757,4
2987962,2,1,8,2,3,120301,11,0,0,1.1854848,5
2987963,2,1,8,2,4,120301,11,0,0,1.6053925,5
2987964,2,1,1,2,3,70101,1,2,0,0.8440426,1
2987971,2,1,2,3,4,200101,17,0,0,1.5935148,2
2987974,2,1,6,3,4,230101,20,0,0,1.2812595,4
2987982,1,1,1,1,2,150132,1,1,6,0.7221943,1
2987983,2,1,1,1,4,150105,1,1,6,0.8885775,1
2987986,2,1,6,3,4,230101,20,0,0,1.2812595,4
2988001,1,1,8,3,4,170101,23,0,0,1.6053925,5
2988002,2,1,8,3,3,170101,23,0,0,1.1854848,5
2988003,1,1,8,1,2,170101,23,0,0,1.097862,5
2988004,2,1,8,3,5,170101,23,0,0,0.8763586,5
2988005,1,1,8,2,5,170101,23,0,0,0.8763586,5
2988006,2,1,8,3,3,170101,23,0,0,1.1854848,5
2988007,2,1,8,1,3,170101,23,0,0,1.1854848,5
2988008,2,1,8,3,5,170101,23,0,0,0.8763586,5
2988009,1,1,8,2,4,170101,23,0,0,1.6053925,5
2988010,1,1,8,2,5,170101,23,0,0,0.8763586,5
2988011,2,1,1,2,3,70101,1,2,0,0.8440426,1
2988016,1,1,2,3,3,200101,17,0,0,1.1573529,2
2988018,1,1,2,1,3,21809,3,0,0,1.1573529,2
2988019,2,1,2,2,3,21809,3,0,0,1.1573529,2
2988021,1,1,6,2,3,180101,15,0,0,1.8985215,4
2988032,1,1,1,1,2,70101,1,2,0,0.7221943,1
2988033,2,1,1,3,3,150136,1,1,6,0.8440426,1
2988036,2,1,2,3,3,200101,17,0,0,1.1573529,2
2988039,2,1,7,2,3,30201,4,0,0,1.4320736,4
2988040,1,1,7,2,2,30201,4,0,0,1.2809498,4
2988050,2,1,1,1,3,150105,1,1,NA,0.8440426,1
2988069,2,1,2,2,3,21809,3,0,0,1.1573529,2
2988075,2,1,1,2,2,70101,1,2,0,0.7221943,1
2988079,2,1,2,3,3,200101,17,0,0,1.1573529,2
2988085,1,1,7,2,3,30213,4,0,0,1.4320736,4
2988088,2,2,7,3,5,40801,5,0,0,2.078454,4
2988089,2,2,7,1,3,40801,5,0,0,0.1690937,4
2988090,1,2,7,2,5,40801,5,0,0,2.078454,4
2988091,2,2,7,2,3,40801,5,0,0,0.1690937,4
2988092,1,2,7,3,3,40801,5,0,0,0.1690937,4
2988093,2,2,7,1,5,40801,5,0,0,2.078454,4
2988094,1,2,7,2,5,40801,5,0,0,2.078454,4
2988097,1,2,3,3,4,60701,7,0,0,0.7220151,2
2988098,2,2,3,1,3,60701,7,0,0,0.02998,2
2988099,2,2,3,2,3,60701,7,0,0,0.02998,2
2988100,2,2,3,2,3,60701,7,0,0,0.02998,2
2988101,2,2,3,3,3,60701,7,0,0,0.02998,2
2988103,2,1,2,2,4,200101,17,0,0,1.5935148,2
2988105,2,1,2,1,2,200401,17,0,0,0.6877974,2
2988107,2,2,3,3,3,60701,7,0,0,0.02998,2
2988115,1,1,2,2,2,200401,17,0,0,0.6877974,2
2988116,2,1,7,1,3,30201,4,0,0,1.4320736,4
2988130,2,1,7,3,5,210101,18,0,0,0.8615757,4
2988131,2,1,7,2,4,210101,18,0,0,1.128476,4
2988135,1,2,7,2,5,40801,5,0,0,2.078454,4
2988136,2,2,7,3,3,40801,5,0,0,0.1690937,4
2988145,2,1,7,3,4,30201,4,0,0,1.128476,4
2988147,1,2,7,3,5,40801,5,0,0,2.078454,4
